feature,importance
ic50_uM,0.6510279441507675
log_ic50,0.3489720558492113
dose_ic50_ratio,8.752174521164275e-15
log_dose,3.092653294782357e-15
fsp3,3.014535471325664e-15
tpsa,2.2657863939102564e-15
mw,1.8558473780600554e-15
mw_tpsa_ratio,8.235260259054887e-16
alogp,5.979660102099274e-16
dose_uM,4.550467207065178e-16
hba_hbd_ratio,4.149243306219184e-16
hba,0.0
hbd,0.0
lipinski_violations,0.0
druglikeness_score,0.0
source_encoded,0.0
class_encoded,0.0
assay_encoded,0.0
