Model,Accuracy,Precision,Recall,F1-Score,ROC-AUC,Avg Precision
Random Forest,1.0,1.0,1.0,1.0,1.0,1.0
XGBoost,1.0,1.0,1.0,1.0,1.0,1.0
Gradient Boosting,1.0,1.0,1.0,1.0,1.0,1.0
Logistic Regression,0.9875,0.956140350877193,1.0,0.9775784753363229,0.9997162583940226,0.9992560966184819
SVM,0.9775,0.9310344827586207,0.9908256880733946,0.96,0.9990541946467417,0.997555240223871
K-Nearest Neighbors,0.95,0.8617886178861789,0.9724770642201835,0.9137931034482759,0.9887606797187807,0.9538320921877745
Naive Bayes,0.9325,0.8106060606060606,0.981651376146789,0.8879668049792531,0.9875784230272078,0.9859375658078801
