feature,importance
ic50_uM,0.4752552
log_ic50,0.42924523
tpsa,0.05775879
lipinski_violations,0.017400049
alogp,0.009286595
mw_tpsa_ratio,0.002850403
class_encoded,0.002252804
mw,0.0016183195
hba_hbd_ratio,0.00089382933
fsp3,0.00083667523
dose_uM,0.0006313445
hba,0.00051516655
hbd,0.0005051825
source_encoded,0.00044444817
log_dose,0.000371324
dose_ic50_ratio,0.00013461686
druglikeness_score,0.0
assay_encoded,0.0
